{
    "Blog title": "The Verge -  Front Pages",
    "posts": [
        {
            "Title": "Top streamer says Twitch revoked her ability to run ads without warning",
            "Published": "2021-05-18T18:00:21-04:00",
            "Link": "https://www.theverge.com/2021/5/18/22442733/amouranth-twitch-ads-suspended-indefinitely"
        },
        {
            "Title": "Google employees call for company to support Palestinians and protect anti-Zionist speech",
            "Published": "2021-05-18T17:23:06-04:00",
            "Link": "https://www.theverge.com/2021/5/18/22441236/jewish-google-employees-support-palestine-letter-anti-zionism-israel"
        },
        {
            "Title": "Amazon extends ban on police use of its facial recognition software \u2018until further notice\u2019",
            "Published": "2021-05-18T16:34:51-04:00",
            "Link": "https://www.theverge.com/2021/5/18/22442580/amazon-law-enforcement-police-facial-recognition-software-ban"
        },
        {
            "Title": "Android 12 public beta is now available: here\u2019s\u00a0how to\u00a0install it",
            "Published": "2021-05-18T16:19:21-04:00",
            "Link": "https://www.theverge.com/2021/5/18/22442051/android-12-beta-download-google-io-2021"
        },
        {
            "Title": "Google I/O 2021: the biggest announcements",
            "Published": "2021-05-18T15:37:30-04:00",
            "Link": "https://www.theverge.com/2021/5/18/22435419/google-io-2021-event-recap-biggest-announcements-pixel-android-12-wear-os-workspace"
        },
        {
            "Title": "Google is trying to make its image processing more inclusive",
            "Published": "2021-05-18T15:34:48-04:00",
            "Link": "https://www.theverge.com/2021/5/18/22442515/google-camera-app-inclusive-image-equity-skintones"
        },
        {
            "Title": "Google previews Project Starline, a next-gen 3D video chat booth",
            "Published": "2021-05-18T15:10:24-04:00",
            "Link": "https://www.theverge.com/2021/5/18/22442336/google-project-starline-3d-video-chat-platform"
        },
        {
            "Title": "Google announces health tool to identify skin conditions",
            "Published": "2021-05-18T14:47:35-04:00",
            "Link": "https://www.theverge.com/2021/5/18/22440754/google-health-ai-skin-condition-model-dermatology"
        },
        {
            "Title": "Here are the best iPad deals right now",
            "Published": "2021-05-18T14:44:21-04:00",
            "Link": "https://www.theverge.com/21280354/best-ipad-deals-apple"
        },
        {
            "Title": "Google Photos will soon make animated photos from your still shots",
            "Published": "2021-05-18T14:41:10-04:00",
            "Link": "https://www.theverge.com/2021/5/18/22442466/google-photos-cinematic-moments-animated-android-ios-machine-learning"
        }
    ]
}{
    "Blog title": "Phoronix",
    "posts": [
        {
            "Title": "Android 12 Beta Published With Performance Enhancements, Overhauled UI",
            "Published": "Tue, 18 May 2021 15:27:26 -0400",
            "Link": "https://www.phoronix.com/scan.php?page=news_item&px=Android-12-Beta-Published"
        },
        {
            "Title": "Zink OpenGL-On-Vulkan Now \"100%-1000% Faster\" For Many Scenarios",
            "Published": "Tue, 18 May 2021 14:58:40 -0400",
            "Link": "https://www.phoronix.com/scan.php?page=news_item&px=Zink-Faster-May-2021"
        },
        {
            "Title": "KernelShark 2.0 Released For Continuing To Visualize Linux Traces",
            "Published": "Tue, 18 May 2021 13:54:01 -0400",
            "Link": "https://www.phoronix.com/scan.php?page=news_item&px=KernelShark-2.0-Released"
        },
        {
            "Title": "NVIDIA 465.31 Linux Driver Released With RTX 3050 Series Laptop Support",
            "Published": "Tue, 18 May 2021 11:55:51 -0400",
            "Link": "https://www.phoronix.com/scan.php?page=news_item&px=NVIDIA-465.31-Linux-Driver"
        },
        {
            "Title": "GCC 11 vs. LLVM Clang 12 Performance On The Intel Core i9 11900K Is A Heated Race",
            "Published": "Tue, 18 May 2021 06:50:00 -0400",
            "Link": "https://www.phoronix.com/vr.php?view=30192"
        },
        {
            "Title": "Intel Working On TTM Integration For Discrete vRAM Management",
            "Published": "Tue, 18 May 2021 06:05:27 -0400",
            "Link": "https://www.phoronix.com/scan.php?page=news_item&px=Intel-TTM-For-Discrete-vRAM"
        },
        {
            "Title": "AMDVLK 2021.Q2.3 Released With CPU Optimization, Faster Shader Compile Times",
            "Published": "Tue, 18 May 2021 05:07:36 -0400",
            "Link": "https://www.phoronix.com/scan.php?page=news_item&px=AMDVLK-2021.Q2.3-Released"
        },
        {
            "Title": "AMD Publishes Latest Linux Patch To Toggle Predictive Store Forwarding (PSF)",
            "Published": "Tue, 18 May 2021 03:00:00 -0400",
            "Link": "https://www.phoronix.com/scan.php?page=news_item&px=AMD-PSF-Linux-v6"
        },
        {
            "Title": "OpenPrinting Now Developing Upstream CUPS, Apple Bows Out",
            "Published": "Mon, 17 May 2021 20:21:47 -0400",
            "Link": "https://www.phoronix.com/scan.php?page=news_item&px=Apple-No-More-CUPS"
        },
        {
            "Title": "Panfrost Open-Source Mali Driver Adding Mediatek MT8183 Support With Linux 5.14",
            "Published": "Mon, 17 May 2021 18:20:00 -0400",
            "Link": "https://www.phoronix.com/scan.php?page=news_item&px=Mediatek-MT8183-Panfrost"
        }
    ]
}{
    "Blog title": "Gizmodo en Espa\u00f1ol",
    "posts": [
        {
            "Title": "Nvidia limita la capacidad de minar criptomonedas en sus tarjetas RTX 3070 y 3080",
            "Published": "Tue, 18 May 2021 18:42:00 GMT",
            "Link": "https://es.gizmodo.com/nvidia-limita-la-capacidad-de-minar-criptomonedas-en-su-1846919963"
        },
        {
            "Title": "Ya viene el sucesor del chip M1: as\u00ed ser\u00edan los nuevos MacBook Pro, MacBook Air, Mac mini, iMac y Mac Pro",
            "Published": "Tue, 18 May 2021 17:00:00 GMT",
            "Link": "https://es.gizmodo.com/ya-viene-el-sucesor-del-chip-m1-asi-serian-los-nuevos-1846918542"
        },
        {
            "Title": "GTA V y GTA Online llegan a PS5 y Xbox Series X en noviembre",
            "Published": "Tue, 18 May 2021 16:09:00 GMT",
            "Link": "https://es.gizmodo.com/gta-v-y-gta-online-llegan-a-ps5-y-xbox-series-x-en-novi-1846918723"
        },
        {
            "Title": "Una nueva impresora 3D es capaz de producir bater\u00edas de estado s\u00f3lido a la carta",
            "Published": "Tue, 18 May 2021 15:41:00 GMT",
            "Link": "https://es.gizmodo.com/una-nueva-impresora-3d-es-capaz-de-producir-baterias-de-1846917628"
        },
        {
            "Title": "Descubren un cuasicristal que se form\u00f3 tras la primera explosi\u00f3n nuclear de la historia",
            "Published": "Tue, 18 May 2021 15:09:00 GMT",
            "Link": "https://es.gizmodo.com/descubren-un-cuasicristal-que-se-formo-tras-la-primera-1846917328"
        },
        {
            "Title": "FIFA 21 contar\u00e1 con un jugador tr\u00e1gicamente asesinado en 2006",
            "Published": "Tue, 18 May 2021 13:01:00 GMT",
            "Link": "https://es.gizmodo.com/fifa-21-contara-con-un-jugador-tragicamente-asesinado-e-1846916145"
        },
        {
            "Title": "Dise\u00f1an una nueva bater\u00eda estable de litio-metal que se carga en 10 minutos y dura 15 a\u00f1os",
            "Published": "Tue, 18 May 2021 12:34:00 GMT",
            "Link": "https://es.gizmodo.com/disenan-una-nueva-bateria-estable-de-litio-metal-que-se-1846915979"
        },
        {
            "Title": "\u00bfCu\u00e1ntos megas consume reproducir audio sin p\u00e9rdida? Spoiler: no querr\u00e1s usar tu bono de datos",
            "Published": "Tue, 18 May 2021 12:18:00 GMT",
            "Link": "https://es.gizmodo.com/cuantos-megas-consume-reproducir-audio-sin-perdida-sp-1846915921"
        },
        {
            "Title": "Por qu\u00e9 la mayor\u00eda de supermercados y grandes superficies no tienen ventanas al exterior",
            "Published": "Tue, 18 May 2021 11:11:00 GMT",
            "Link": "https://es.gizmodo.com/por-que-la-mayoria-de-supermercados-y-grandes-superfici-1846915717"
        },
        {
            "Title": "As\u00ed es el impresionante set de Lego de Spider-Man, el m\u00e1s grande de Marvel hasta la fecha",
            "Published": "Tue, 18 May 2021 09:55:00 GMT",
            "Link": "https://es.gizmodo.com/asi-es-el-impresionante-set-de-lego-de-spider-man-el-m-1846915617"
        }
    ]
}{
    "Blog title": "Engadget",
    "posts": [
        {
            "Title": "Google wants to make shopping easier in Photos and Chrome",
            "Published": "2021-05-18T21:59:43Z",
            "Link": "https://www.engadget.com/google-io-2021-shopping-215943081.html"
        },
        {
            "Title": "Google is helping developers build Android apps for bigger screens",
            "Published": "2021-05-18T21:38:21Z",
            "Link": "https://www.engadget.com/google-firebase-android-apps-for-bigger-screens-213821635.html"
        },
        {
            "Title": "Google Cast updates make it easier to move audio between devices",
            "Published": "2021-05-18T21:15:57Z",
            "Link": "https://www.engadget.com/google-android-tv-cast-connect-stream-transfer-expansion-211557411.html"
        },
        {
            "Title": "Google is simplifying how developers build Android for Cars apps",
            "Published": "2021-05-18T21:15:28Z",
            "Link": "https://www.engadget.com/google-android-for-cars-app-development-auto-automotive-211528472.html"
        },
        {
            "Title": "Everything Google announced at I/O 2021",
            "Published": "2021-05-18T21:07:12Z",
            "Link": "https://www.engadget.com/google-io-2021-supercut-210712143.html"
        },
        {
            "Title": "Google plans to build a commercial quantum computer by 2029",
            "Published": "2021-05-18T20:16:12Z",
            "Link": "https://www.engadget.com/google-quantum-computer-2029-goal-201612680.html"
        },
        {
            "Title": "President Biden reveals Ford's electric F-150 a day early in factory speech",
            "Published": "2021-05-18T19:30:01Z",
            "Link": "https://www.engadget.com/f-150-lightning-ev-ford-biden-reveal-early-193001820.html"
        },
        {
            "Title": "Google\u2019s Project Starline is a \u2018magic window\u2019 for 3D telepresence",
            "Published": "2021-05-18T19:12:28Z",
            "Link": "https://www.engadget.com/google-project-starline-191228699.html"
        },
        {
            "Title": "Google's latest AI tool claims to identify common skin conditions",
            "Published": "2021-05-18T19:09:55Z",
            "Link": "https://www.engadget.com/google-ai-powered-dermatology-assist-tool-helps-identify-skin-hair-nail-conditions-190955234.html"
        },
        {
            "Title": "Google is building a more racially inclusive Android camera",
            "Published": "2021-05-18T19:03:40Z",
            "Link": "https://www.engadget.com/google-android-camera-pixel-inclusive-skin-tones-190340677.html"
        }
    ]
}